"Exp","class","profile","Wood","noWood","hp","hpue","h","htop","v","Froude","Res","Res_rel","Yres","Yres_rel","Zres","angle_res","Resy","Resy_rel","Yy","Yy_rel","Zy","angle_y","Resz","Resz_rel","Yz","Yz_rel","Zz","Zz_rel","angle_z","Reszm","Reszm_rel","Yzm","Yzm_rel","Zzm","Zzm_rel","angle_zm","Ftop","Ftop_rel","t_res","t_y","t_z","t_zm","t_ftop","t_start","t_trans","year","Yy.h","Ftop.hpue","t_spanZ","t_spanZ_ext","integral_y","integral_z_pos","integral_z_neg","integral_z_cl"
1,"1_0",1,0,0,20,6,108.196621610646,7.1966216106462,1.14794520547945,1.11424271841769,35.378100974503,0.47056712986343,23.0668579587064,0.366699156944181,-26.8240580911054,-49.3067184750286,29.9992762134719,0.429861589113984,29.9992760259552,0.4429840512436,0.0033542111211491,0.0064062259326047,34.2070182024499,0.609668921714804,16.7129117252539,0.538649730446913,-29.846250618237,0.678806889030261,-60.7526184565471,9.25957557167547,0.200698112771361,8.896193529215,0.196883475831713,2.56855610379107,0.31608690119627,16.1047666366938,-22.5552524595267,0.77408099992584,4.73,4.37,4.78666666666667,4.3075,6.5,4.28791666666667,4.41375,2023,0.277266291492075,3.75920874325444,0.125833333333333,0.479166666666667,13.1509505949285,-0.0123279891843582,-58.2439774366425,-59.129315226588
2,"1_0",1,0,0,20,6,113.60730243737,12.6073024373697,0.790995297201449,0.749266428049641,85.3204486881769,1.13485454425015,26.8260900492138,0.426460535837411,-80.9934556431771,-71.6744552255079,68.5528446126147,0.982298189921967,62.4403799736002,0.922025333476843,-28.2964918891676,-24.3789006946619,85.3093729621355,1.5204620618545,26.7850852149781,0.863271413636713,-80.9953598993121,1.84211440768188,-71.7010004858513,19.1941951745951,0.41602757252613,19.0289459122589,0.421133488195349,2.51323414523474,0.30927897263969,7.52375278166715,-52.9538295120402,1.81733959183726,4.57333333333333,4.13333333333333,4.57375,3.89416666666667,6.5,3.87666666666667,3.9375,2023,0.54961590174208,8.82563825200669,0.0608333333333335,0.679583333333334,33.5318637878602,-0.000796835189315015,-172.083959378955,-174.488509137992
3,"1_0",1,0,0,20,6,108.977634203244,7.9776342032436,1.31563807531381,1.27242807319487,45.7971535505373,0.609151834286489,34.1226628840503,0.542455835756725,-30.5454276616477,-41.8338046590222,45.7928789021044,0.656169154045222,34.1319615076813,0.504009315840877,-30.5286252848201,-41.81038095095,41.2500078117918,0.735195556493761,16.7606086923831,0.540186982537371,-37.6914465195181,0.857233757171871,-66.0262720092774,28.3225345626068,0.613881186196561,27.7574980687306,0.614306858570104,5.62914425241279,0.692723339975247,11.4639555681636,-27.9465842401085,0.959107857999515,4.47625,4.47666666666667,4.6575,4.14208333333333,6.5,4.05541666666667,4.15333333333333,2023,0.313201527609097,4.65776404001808,0.0979166666666664,0.515416666666667,16.3784167676837,0.0887985660409914,-79.1201959977168,-80.4922185994324
4,"1_0",1,0,0,20,6,119.099741394325,18.0997413943248,1.2602646882621,1.16592832959581,90.3111172510537,1.20123585124639,29.175340121454,0.463807105642615,-85.4686926770911,-71.1522996919877,49.4431720058987,0.708474442451621,49.3194480213717,0.728275204731703,-3.49561223137029,-4.05417061304243,89.7166369884555,1.59901237251696,21.5965568734525,0.696047447010009,-87.0784915104185,1.98046584409224,-76.0709818141321,34.2336995425053,0.742003652130615,34.1276256965498,0.755285454048942,2.6928328360156,0.331380414591471,4.51156349177078,-67.0012132349305,2.29943629450414,4.64208333333333,4.095,4.71708333333333,4.02125,6.5,3.9675,4.02916666666667,2023,0.414102058022787,11.1668688724884,0.0616666666666669,0.695833333333333,29.574414500992,0.0413718551596075,-197.569826891412,-197.782964241075
5,"1_0",1,0,0,20,6,108.34374716731,7.34374716731,1.08627186834392,1.05366390514073,73.095067379435,0.972243707730498,25.7882844234746,0.409962300632958,-68.3948335892274,-69.3410397101071,55.4848744836329,0.795046392039738,46.5703720099135,0.687680997468878,-30.1624227694454,-32.9300839619461,73.095067379435,1.3027674802915,25.7882844234746,0.831144966343793,-68.3948335892274,1.55553489141037,-69.3410397101071,26.4403645844833,0.573085799885356,26.3323961242336,0.582767636393148,2.38700517738163,0.293745216833849,5.1796481693075,-50.3023338788983,1.72634205613313,4.24333333333333,3.81666666666667,4.24333333333333,3.58375,6.5,3.535,3.595,2023,0.429839037577288,8.38372231314971,0.06,0.659583333333333,23.9136773129533,0.06106831589368,-170.076292881772,-171.130045565042
6,"1_10",1,10,1,20,6,119.981213826438,18.9812138264384,0.985673691688373,0.9085357807624,69.1103027016083,0.91924201385842,53.580619361621,0.851783454149963,-43.6503283874591,-39.1685458413779,54.0494241070673,0.774477729796892,54.0336136004761,0.797886890182313,1.30722897002706,1.38587983203272,61.2562842754694,1.09176580552719,26.140223825854,0.842487817149308,-55.3987460288713,1.25995894523039,-64.7394430780406,27.3214720078247,0.592183499952126,25.9771156195924,0.574904850987313,8.46476796850773,1.04167562178688,18.0484482837928,-31.8446675155313,1.09288743794649,4.65791666666667,4.32916666666667,4.90833333333333,4.275,6.5,4.2,4.3775,2023,0.450350616377658,5.30744458592188,0.1775,0.633333333333333,31.469948225049,0.434189769545904,-96.5982659096906,-97.2485737850728
7,"1_10",1,10,1,20,6,120.408272657407,19.4082726574069,1.13778434622836,1.04688092725047,87.257780691993,1.1606231619972,45.6886145657688,0.726322435123481,-74.3402366848033,-58.4256167509724,58.9585255503429,0.844820565154385,58.9331333987808,0.870235607115463,1.73018001142842,1.68162696253935,86.8676237526092,1.54823463979645,44.3500084975526,1.42938109859263,-74.6931108114523,1.69877948257038,-59.2997250819692,26.4958733581551,0.574288933444981,25.1543873024291,0.556696882577414,8.32394764824871,1.02434625195516,18.3101204957911,-52.5333627786228,1.8029094581013,4.555,4.04916666666667,4.55833333333333,4.01958333333333,6.5,3.945,4.06041666666667,2023,0.489444222544916,8.7555604631038,0.115416666666667,0.53875,39.5432597222999,0.13952174799322,-161.835204482773,-162.424284408932
8,"1_10",1,10,1,20,6,117.51941464611,16.5194146461101,1.15460526315789,1.07533608430219,104.500987930313,1.38997652795723,68.3495791157736,1.08656901100757,-79.0492979925055,-49.1518317468131,84.1843214221417,1.20628264253767,79.0947382190538,1.16795177116988,-28.8274584270938,-20.0251523994048,99.1769218154241,1.76762226465774,36.7641226465224,1.18489136298993,-92.1111345430845,2.09492553969355,-68.2416795865655,42.0183773597811,0.910733863830549,41.1618706456052,0.910961765594282,8.44064220918239,1.03870670220872,11.5884106136908,-65.6117331934273,2.2517502798238,4.39791666666667,4.14541666666667,4.62791666666667,3.92583333333333,6.5,3.89,3.93916666666667,2023,0.673035501897574,10.9352888655712,0.0491666666666663,0.702083333333334,47.0613376217016,0.143043009528526,-204.059797281794,-204.82518377178
9,"1_10",1,10,1,20,6,124.190677836768,23.1906778367684,1.19666048237477,1.08415642280268,89.6762443682174,1.19279135303775,53.705616652927,0.853770564896659,-71.8159839027294,-53.2100291353284,71.2969188047663,1.02161820832812,71.1860682066281,1.05116846349866,3.9742073844642,3.19541710077491,85.8371111764084,1.52986789740962,36.9574740506133,1.19112299296604,-77.4735746361902,1.76201683935175,-64.4973042346015,69.7929639626135,1.51273846663812,69.6590410794461,1.54163846433719,4.32155233437055,0.531810881495858,3.55000262846314,-49.2948494884599,1.69176587367808,4.53625,4.17125,4.72416666666667,4.17541666666667,6.5,4.04083333333333,4.1875,2023,0.57319977188781,8.21580824807665,0.146666666666667,0.54875,45.2453384301102,0.325198673069164,-153.460097682148,-152.892767572927
10,"1_10",1,10,1,20,6,126.549485019851,25.5494850198506,1.14397346781155,1.02671819204789,97.5160805582676,1.29706968095621,47.4549293156649,0.754401947766446,-85.1904669026517,-60.8802224356774,81.3124909326724,1.16513199579923,72.1599095515416,1.0655486833368,-37.4789092049018,-27.4467719439606,96.5344664804286,1.72052599671554,43.6773226898569,1.40770073343859,-86.0882959600613,1.95794537511719,-63.0988157263144,49.7411665911821,1.0781226617377,49.587720031407,1.09743595913148,3.90405890561695,0.480434077240051,4.50163143090028,-59.9392975685987,2.05707612805532,4.56583333333333,4.22208333333333,4.6125,4.03,6.5,3.94333333333333,4.0575,2023,0.570211009078564,9.98988292809979,0.114166666666667,0.5825,48.2946928149239,0.08092323389466,-184.179920639343,-183.618411374328
11,"1_15",1,15,1,20,6,122.447443139835,21.4474431398345,1.18358503379362,1.0799163110367,96.16272827943,1.27906862719683,88.5553727814003,1.40778516952546,-37.4862142885985,-22.9433382708215,96.16272827943,1.37792201710416,88.5553727814003,1.30765215001027,-37.4862142885985,-22.9433382708215,60.9257839121686,1.08587532425439,36.0546349834614,1.16202489036412,-49.1122636570707,1.11698260973255,-53.7166052520548,29.2587344418671,0.634172996278988,29.1251481954147,0.644574602833868,2.79271977377543,0.34367251620447,5.47716862123787,-38.5536324100238,1.32313457276863,4.38,4.38,4.81708333333333,4.04625,6.5,3.98375,4.08666666666667,2023,0.723211285680097,6.42560540167063,0.102916666666667,0.770833333333334,54.2955890924656,0.0132781614320356,-116.259024923721,-117.496673615212
12,"1_15",1,15,1,20,6,115.792223165376,14.7922231653757,1.20745341614907,1.13291202028956,84.5052968253608,1.12401213999661,78.20737470512,1.24328065931323,-32.0117436775208,-22.260204843199,84.4785768312956,1.21049904752305,78.2626821172075,1.15566522190319,-31.805385255677,-22.1164674864745,72.3928365590058,1.29025167711473,24.4986435885591,0.789580414366238,-68.1215035607677,1.54931842192244,-70.2198131811781,50.3992902232921,1.09238726489497,49.635275868521,1.0984884270748,8.74230201190979,1.07582900299041,9.98909954939341,-45.9960422905963,1.57855304314706,4.55833333333333,4.55916666666667,5.03833333333333,4.27375,6.5,4.20708333333333,4.32208333333333,2023,0.675888932587743,7.66600704843272,0.115,0.764583333333333,38.5732288162003,0.0999340591391664,-132.182010055187,-133.560222336445
13,"1_15",1,15,1,20,6,132.411303214143,31.4113032141426,1.11928715148031,0.982074613551406,98.0367023151408,1.3039945152217,95.8265708149349,1.52337708038062,-20.6993557068284,-12.1890995827682,98.0367023151408,1.40477431351347,95.8265708149349,1.41502223319171,-20.6993557068284,-12.1890995827682,79.3600134544377,1.41442710801885,33.7506566814239,1.08776869181837,-71.8255171165596,1.63356049141698,-64.831269074308,44.8469469160378,0.972042135185853,42.9114484703732,0.94968202974402,13.0328906181406,1.60382948343537,16.8943717049409,-46.1949005398396,1.58537772368185,4.41708333333333,4.41708333333333,4.91583333333333,4.25541666666667,6.5,4.17333333333333,4.35833333333333,2023,0.723703856761828,7.69915008997326,0.185,0.660416666666666,46.9769320794052,0.757968453369156,-132.33710169781,-132.533390640915
14,"1_15",1,15,1,20,6,133.642315971781,32.6423159717808,0.830234749394636,0.725094158682091,86.1936667752886,1.14646929229141,85.3727244874887,1.35718987612588,11.8678602010999,7.91410063443008,86.1936667752886,1.23507468340013,85.3727244874887,1.26065560137021,11.8678602010999,7.91410063443008,59.6575694557428,1.0632720404611,31.8521816318636,1.0265816832039,-50.4426815173177,1.14724090985795,-57.7295152912582,51.1308363228774,1.10824327475801,47.6211796936101,1.05391405329644,18.6168114258532,2.29098761949096,21.3522946008679,-29.1568553791835,1.00064354442988,4.25666666666667,4.25666666666667,4.9875,4.19125,6.5,4.085,4.32333333333333,2023,0.638815062928987,4.85947589653058,0.238333333333333,0.79625,46.5974689661509,1.91034533525336,-92.8531540007705,-90.8486820474547
15,"1_15",1,15,1,20,6,148.992236923778,47.9922369237777,1.03905401402192,0.859452344170366,114.523035127728,1.52328063007516,96.9459363327398,1.54117189198549,-60.967294539246,-32.1649382630695,114.219679115787,1.63666124553873,97.317533230084,1.4370385168628,-59.794923056433,-31.5678610368042,100.319154509214,1.78798018567409,53.0013789561018,1.70821093040777,-85.1750350172821,1.93717466500789,-58.1074724592061,65.1371613365824,1.41182554754724,64.0858036496524,1.41829600857678,11.655880814686,1.43437444951634,10.3082359345139,-71.9352130695438,2.46876782969599,4.62125,4.61708333333333,5.10583333333333,4.32291666666667,6.5,4.23583333333333,4.36875,2023,0.653171837938578,11.9892021782573,0.132916666666667,0.782916666666666,64.0198573628269,0.5222668821515,-185.061309875763,-184.261504762539
16,"1_20",1,20,1,20,6,122.248648609151,21.2486486091509,1.04839563697977,0.957345428414762,60.7679151820346,0.808279207965489,60.5184233950396,0.962075323751488,5.50090404839726,5.1937051287295,60.7455754392349,0.870427319784021,60.5200134400446,0.893668257587042,5.23000082797325,4.93909921556382,46.4846212918499,0.828491649625674,29.1539672385791,0.939619430334794,-36.2058864122751,0.823446986171264,-51.1580344214211,50.5320055663048,1.09526382426557,49.733632737451,1.10066518302814,8.94703086444908,1.10102296643513,10.1983684364085,-32.2529745078978,1.10690025759881,4.37708333333333,4.37666666666667,5.01166666666667,4.38666666666667,6.5,4.2225,4.43875,2023,0.495056707199578,5.37549575131631,0.21625,0.625,36.0757587444661,0.88754185993921,-78.7721445339714,-77.7990042241455
17,"1_20",1,20,1,20,6,136.628394219454,35.6283942194543,1.614926558158,1.39491514959601,86.4219712859799,1.14950599000473,33.8153650789445,0.537570651729286,-79.5316176468983,-66.9657048853053,54.7982830867122,0.785208179049126,51.6479159901366,0.76265850695213,-18.3124166380967,-19.5226002369975,86.3782144845959,1.53951193795377,24.9789232740195,0.805059615559019,-82.6876612900468,1.88060318997617,-73.1910804654005,15.4166846056582,0.334151331407843,13.4792647984452,0.298312362074718,7.48221790138022,0.920762862462634,29.0342584337651,-60.9291356545157,2.0910467012815,4.89875,4.41416666666667,4.98083333333333,4.1925,6.5,4.08083333333333,4.23166666666667,2023,0.378017441288075,10.1548559424193,0.150833333333333,0.788333333333333,30.2997550193655,0.26095918990728,-165.152178052317,-163.91543954212
18,"1_20",1,20,1,20,6,112.229405159488,11.2294051594884,1.43426862270332,1.36691863208131,73.501251878341,0.977646402295222,43.5296387237237,0.692000698606177,-59.2250333918472,-53.6845914543702,68.6216953797348,0.983284757062966,67.8307126303435,1.00162163425987,10.3890086557322,8.7078003795076,72.3103431231638,1.28878140327266,35.9109956450266,1.15739545821002,-62.7629358329625,1.4274460723434,-60.2231554438437,63.8810837161267,1.38460049754701,62.6030115493474,1.3854800337798,12.714393485301,1.56463517827281,11.4803712179828,-46.8918506367579,1.60929657934037,4.92833333333333,4.34166666666667,5.0325,4.34708333333333,6.5,4.28166666666667,4.42041666666667,2023,0.604393407716541,7.81530843945965,0.138750000000001,0.685416666666667,40.517065488612,0.315263209880804,-123.325252788292,-123.388307449336
19,"1_20",1,20,1,20,6,92.1864591056727,-8.81354089432728,0.555456537465533,0.584093013961737,55.5646714087273,0.739070420016424,54.9953229484107,0.874273323100922,7.93392478914752,8.20916274206246,55.5646714087273,0.796189807393608,54.9953229484107,0.812087962991481,7.93392478914752,8.20916274206246,54.299228795848,0.967770767799315,22.0495456724125,0.710647075038114,-49.6207999075392,1.12854848159214,-66.0415060451773,33.8224232849955,0.733089380836974,29.6576160062113,0.656358756698537,16.2598317856468,2.00093734978653,28.7338210441505,-34.9083851915389,1.19803215518652,4.86083333333333,4.86083333333333,5.45291666666667,4.76958333333333,6.5,4.65041666666667,4.94166666666667,2023,0.596566171235299,5.81806419858981,0.29125,0.683333333333334,27.4107436313939,1.84294410426858,-74.016048852024,-75.0957174364338
20,"1_20",1,20,1,20,6,142.305647268904,41.3056472689038,0.848959853253846,0.718524501480655,122.019808034618,1.6229958440878,122.002179798793,1.93949676881259,2.07404849221619,0.973939805557817,122.019808034618,1.74842980250269,122.002179798793,1.8015441379672,2.07404849221619,0.973939805557817,58.0794876269625,1.03514601552562,26.7740447227156,0.862915583469059,-51.5400563852671,1.17219900693155,-62.5490114581752,97.1183284024828,2.10500633371479,96.113010174266,2.12709665697078,13.9376822654973,1.71517327990497,8.25114377944688,-38.0710208242684,1.30657166975756,4.32,4.32,5.55875,4.26583333333333,6.5,4.12375,4.33625,2023,0.857324935027036,6.34517013737806,0.212499999999999,1.29291666666667,72.5321546975934,1.08624691773736,-106.186720607256,-105.331064069525
21,"4_0",4,0,0,57,57,122.58454717049,-29.4154528295099,0.90866897669835,0.82861603556539,38.3030629130759,0.509472297367643,38.1242187132994,0.606069490970521,-3.69710373448736,-5.53894989572974,38.3030629130759,0.548847091329279,38.1242187132994,0.562960947507623,-3.69710373448736,-5.53894989572974,26.122465709026,0.465578595804448,21.0644027021485,0.678896354151905,-15.4490826109823,0.351365531291377,-36.2571168979623,21.9187821712638,0.475082057699888,21.7208603265003,0.480708795856635,2.93891792127275,0.361663682266546,7.70554970301073,-6.08674141839242,0.20889284621814,4.82416666666667,4.82416666666667,5.35958333333333,4.6425,6.5,4.58541666666667,4.71583333333333,2023,0.311003463269121,0.106784937164779,0.130416666666667,0.717083333333333,23.2178548480648,0.170602108417963,-17.356271554644,-16.8408177152725
22,"4_0",4,0,0,57,57,95.737491848227,-56.262508151773,1.16910076430316,1.20635858158546,31.5600186795879,0.419782492542296,31.5570195899754,0.50166921303416,-0.435078905310507,-0.789890999078745,31.5600186795879,0.452225569894993,31.5570195899754,0.46598645817473,-0.435078905310507,-0.789890999078745,10.8073650444402,0.192618794021345,10.3009844897371,0.331996160211302,-3.26938185992123,0.0743570426239419,-17.6086771707359,30.9508349201109,0.670848691614512,30.673585056965,0.678843375248365,4.13344432708197,0.508662281772343,7.67470765900329,-0.223267217137325,0.0076623797939057,4.05666666666667,4.05666666666667,4.32791666666667,4.00541666666667,6.5,3.89166666666667,4.16166666666667,2023,0.329620287525422,0.0039169687217074,0.27,0.3225,6.65786687793411,0.178261004137897,-1.05961973923609,-2.17973973877346
23,"4_0",4,0,0,57,57,103.608390978639,-48.391609021361,1.06695799823621,1.05831598310025,59.0774765725906,0.785794540254531,58.9926085326455,0.937819093245607,3.16549785958337,3.07150164560685,59.0774765725906,0.846525022124821,58.9926085326455,0.871113846167793,3.16549785958337,3.07150164560685,53.2779204441886,0.949568071562849,46.808015872653,1.50860158583027,-25.4469341360164,0.578751227990847,-28.5304840509414,52.2547860884936,1.13260449899154,52.0692202349529,1.15235454692374,4.39988332552067,0.541450305070734,4.83005671093605,-11.4291008900863,0.392239007793265,4.30333333333333,4.30333333333333,4.92875,4.31083333333333,6.5,4.18666666666667,4.37416666666667,2023,0.569380606873897,0.200510541931339,0.1875,0.617916666666667,45.9290361954843,0.110789318126311,-37.5244604325806,-37.8107239922256
24,"4_0",4,0,0,57,57,107.132788594426,-44.867211405574,1.07854903716973,1.05206891053629,42.3310296993093,0.56304862615785,42.3249789671607,0.67284994483091,0.715703034235844,0.968762571190683,42.3310296993093,0.606564090609786,42.3249789671607,0.624991437641737,0.715703034235844,0.968762571190683,29.8767423230826,0.532490764575331,28.471144416932,0.91761235371825,-9.0561397642744,0.205967916662005,-17.6448963395096,36.9966093944334,0.801888771998915,36.7349615122493,0.812988935472725,4.39223284649633,0.540508835969124,6.81822869937254,0.241695018260388,-0.0082948094572567,3.93166666666667,3.93166666666667,4.35416666666667,3.92166666666667,6.5,3.77833333333333,3.95833333333333,2023,0.39507026301155,0.0042402634782524,0.180000000000001,0.4325,22.5732984441469,0.211050894257641,-5.00158848048237,-4.58093396318426
25,"4_0",4,0,0,57,57,109.481156368731,-42.5188436312693,1.05582213418487,1.01879445050382,40.3323999146714,0.536464681414902,40.3185673716482,0.640953557300602,1.05622344930234,1.50063138659675,40.3323999146714,0.577925593828681,40.3185673716482,0.59536377808511,1.05622344930234,1.50063138659675,25.5764965622282,0.455847831811872,23.2587286126746,0.749618504765049,-10.6390187385689,0.241968055037701,-24.5803268623831,27.8204132718751,0.60299788008257,27.3214310687767,0.604656170737776,5.24545507768453,0.645506492313867,10.8680001105157,-1.35497541828389,0.046501839362792,4.16541666666667,4.16541666666667,4.54416666666667,4.1225,6.5,4.00625,4.18916666666667,2023,0.368269469458798,0.023771498566384,0.182916666666667,0.421666666666667,20.779699804449,0.193503318975127,-8.04197719982059,-8.49464901931084
26,"4_10",4,10,1,57,57,136.002716034455,-15.9972839655454,1.08390854184642,0.938392103044231,84.3016364877174,1.12130323652491,84.2823268499063,1.33985557358883,1.80424368443279,1.22635154223576,84.3016364877174,1.20796365777805,84.2823268499063,1.24455425403954,1.80424368443279,1.22635154223576,35.8005277895885,0.638069914341031,20.1729324457988,0.650164663278519,-29.5758446464397,0.672656922696508,-55.7030948693631,69.9409145465595,1.51594524461099,68.0758977736602,1.50660159651735,16.0438047208041,1.97435302663319,13.2612102633756,-22.5164202681349,0.772748305397334,4.70375,4.70375,5.34458333333333,4.54333333333333,6.5,4.46166666666667,4.71708333333333,2023,0.619710615400904,0.395024916984822,0.255416666666666,0.80125,38.4626148085608,0.449063429787862,-51.3304788990667,-51.3036480276282
27,"4_10",4,10,1,57,57,137.920908835728,-14.0790911642718,0.917348071303993,0.78865051884261,90.8392601741376,1.20826072518331,90.7227000070709,1.44223966991291,-4.60031438182977,-2.90283510278636,90.8392601741376,1.30164169477055,90.7227000070709,1.33965596883468,-4.60031438182977,-2.90283510278636,48.2927254052603,0.860717343155783,29.1465589393194,0.939380664136245,-38.5053948046849,0.875745754218092,-52.876194023301,46.0295801813721,0.997675304073127,45.048872895578,0.996985806216502,9.45099478951418,1.16304084299754,11.8484883161984,-26.2506087690819,0.900903127601675,4.34083333333333,4.34083333333333,4.935,4.19041666666667,6.5,4.13833333333333,4.29333333333333,2023,0.657787863877311,0.460536995948805,0.154999999999999,0.744583333333333,41.1938081504657,0.184928251703584,-72.5563161534558,-72.7244580607566
28,"4_10",4,10,1,57,57,132.573467811479,-19.426532188521,1.31159453799555,1.15010313549582,58.4590969682739,0.777569420546182,58.2262599514438,0.925636273237996,5.21235747171533,5.11542643799782,58.4590969682739,0.837664220367616,58.2262599514438,0.859797566439183,5.21235747171533,5.11542643799782,43.9175666317616,0.782739241820456,23.5307910692079,0.758386957042276,-37.0817277174689,0.843366644397934,-57.6021908581921,44.81805702004,0.971415956635873,43.6075439570396,0.965087461120437,10.3460304023535,1.27318406038926,13.3468334451654,-32.9683195730755,1.13145041611902,4.68166666666667,4.68166666666667,5.48166666666667,4.58541666666667,6.5,4.50541666666667,4.82125,2023,0.439199946359118,0.578391571457466,0.315833333333333,0.89625,34.1624469021009,1.07854272504554,-64.8974544236795,-64.5836832889402
29,"4_10",4,10,1,57,57,125.424138540712,-26.5758614592878,0.841043263723676,0.758216567191191,73.3927048728067,0.976202609343013,73.3466315254687,1.16600830478228,2.60014853691547,2.03029333281913,73.3927048728067,1.05164886384261,73.3466315254687,1.08307240315107,2.60014853691547,2.03029333281913,43.687625824484,0.778641025390087,39.119811029235,1.26081415449536,-19.4486255354219,0.442328959991628,-26.4345162912968,67.2275634945565,1.45713429466972,66.6328626153152,1.47466549072229,8.9222706248553,1.09797596761952,7.62665157131521,-8.92753864714558,0.306387084571966,4.13708333333333,4.13708333333333,4.44041666666667,4.145,6.5,4.00125,4.18375,2023,0.584788800456147,0.156623485037642,0.1825,0.295416666666667,33.6426626768402,0.212387446930517,-30.1549764693104,-29.2663780927564
30,"4_10",4,10,1,57,57,132.040777718479,-19.9592222815206,0.910956561395508,0.800403774126377,77.0665696838231,1.02506899764554,76.9581666735245,1.22342171134321,-4.08616508251833,-3.03931845729952,77.0665696838231,1.10429191278204,76.9581666735245,1.13640210583157,-4.08616508251833,-3.03931845729952,47.0129575071949,0.837908143305594,35.9452414497734,1.15849918530432,-30.3011186376148,0.689152159835049,-40.1302179035109,42.9846721351178,0.931677970424822,42.882952929721,0.949051389114308,2.95539956535667,0.363691915871183,3.94246621868415,-14.879035369227,0.510638424340868,4.2175,4.2175,4.79666666666667,4.11958333333333,6.5,4.065,4.12833333333333,2023,0.582836363154456,0.261035708232053,0.0633333333333325,0.677083333333334,41.6284802509243,0.0332175763802294,-47.9824818047149,-48.1676636167888
31,"4_15",4,15,1,57,57,132.122623708175,-19.8773762918246,0.880550478443178,0.773448068065001,87.4600139154627,1.1633130833019,86.9706525045704,1.38259250607099,9.23902792625824,6.06387759686133,87.4600139154627,1.25322025431896,86.9706525045704,1.28425139168162,9.23902792625824,6.06387759686133,42.4819791073697,0.757152881359474,38.2271480867833,1.23204402387802,-18.531154794835,0.421462504530936,-25.8624490033679,71.3859431915528,1.54726574301892,69.7471798003958,1.54358908037077,15.2080174657601,1.87150092108009,12.3005277277187,-5.82856080714471,0.200032262366343,4.39208333333333,4.39208333333333,4.92541666666667,4.33208333333333,6.5,4.2325,4.44708333333333,2023,0.658257080155069,0.102255452756925,0.214583333333333,0.593333333333334,47.9800555131823,1.48177893746759,-23.0802436793444,-23.0285960899334
32,"4_15",4,15,1,57,57,128.70007680396,-23.2999231960402,0.977949907744022,0.870347534359833,62.4747922264802,0.830982524698442,62.4477881621184,0.992746880094019,1.83668652770619,1.68467228693666,62.4747922264802,0.895205380121159,62.4477881621184,0.922134726428838,1.83668652770619,1.68467228693666,48.2450735470167,0.859868047936272,27.7096570625414,0.893069954109842,-39.4938226439706,0.898226019334088,-54.9457312754686,57.7055504250745,1.25074793948136,57.5576783659787,1.27382073470895,4.12846351314401,0.508049342058564,4.10265200720102,-26.3033989510083,0.902714850919124,4.49958333333333,4.49958333333333,5.02875,4.50666666666667,6.5,4.42208333333333,4.57583333333333,2023,0.485219509676292,0.461463139491374,0.15375,0.522083333333333,36.3036910827588,-0.0404333691787096,-65.2086820703693,-65.0119522248682
33,"4_15",4,15,1,57,57,142.185405377273,-9.81459462272721,1.02997355274758,0.872095527540218,94.305317566593,1.25436304933816,94.2059222349979,1.49761325641163,4.32864149468124,2.63081727361858,94.305317566593,1.35130705763061,94.2059222349979,1.39109093988445,4.32864149468124,2.63081727361858,39.6359300767404,0.706427979429058,34.1501167880724,1.10064311384056,-20.1190575427695,0.457576900881592,-30.5038629327897,75.0844525283284,1.62742965962744,74.2770562546248,1.6438407012992,10.981526561736,1.35138831352777,8.4099987498976,-8.42570792000537,0.289164593635309,4.33791666666667,4.33791666666667,5.08791666666667,4.29833333333333,6.5,4.11916666666667,4.37541666666667,2023,0.662556905788138,0.147819437193077,0.25625,0.789583333333334,50.1208066508631,0.711890708620982,-28.0120658353401,-27.5236977658285
34,"4_15",4,15,1,57,57,145.098574471645,-6.90142552835459,1.27577901550504,1.06932415662781,58.8631561225878,0.782943845721732,58.8446347793855,0.935466720388088,1.4765183347577,1.43735315294581,58.8631561225878,0.84345401039233,58.8446347793855,0.86892879301384,1.4765183347577,1.43735315294581,31.2902196122976,0.55768305610112,26.7821228025487,0.863175936398348,-16.1801032621864,0.367991467339689,-31.1377772374392,29.9101781365417,0.648292814092013,27.5145235298598,0.608929539428563,11.7290132187005,1.44337413417492,23.0877970379831,-6.52766913652963,0.224025187102514,4.16166666666667,4.16166666666667,4.5,4.05125,6.5,3.90041666666667,4.18791666666667,2023,0.405549365275706,0.114520511167187,0.2875,0.44875,26.8392924819483,0.796395868048253,-21.5519163659165,-21.7601796111469
35,"4_15",4,15,1,57,57,105.304542350009,-46.6954576499907,1.37812911725955,1.35591308684012,73.889805314227,0.982814584591249,73.7927301790559,1.17310003788599,3.786330954291,2.93729069779972,73.8894655596435,1.05876698018427,73.7945213799744,1.0896861648328,3.74456072059759,2.90487236911872,43.6097185926327,0.777252491091207,33.9998592307417,1.09580037942753,-27.3096526528326,0.621115884701411,-38.7724197290493,55.8588693554666,1.21072176304466,55.2279759648678,1.22226161508348,8.37161612205578,1.03021234152516,8.61944209170304,-13.0530663841968,0.44797240451679,3.77291666666667,3.7725,4.34291666666667,3.87375,6.5,3.67166666666667,3.97333333333333,2023,0.700772442794514,0.229001164635031,0.301666666666666,0.469166666666667,36.9890199717511,1.11596316504762,-45.7023775652771,-44.8168894194929
36,"4_20",4,20,1,57,57,122.957548116366,-29.0424518836342,0.871035203903799,0.793092069184093,63.3868626429579,0.84311405087687,63.23554439077,1.00527002240673,4.37724586014702,3.9597712139319,63.3868626429579,0.908274496716541,63.23554439077,0.933767121999268,4.37724586014702,3.9597712139319,27.5776483665525,0.491514198740127,24.300641889179,0.783198907436004,-13.0386154634261,0.29654317767412,-28.2159766775101,57.5611730111917,1.2476186087395,57.3483690047441,1.26918846648899,4.94501879875645,0.608534758555297,4.92829393630022,-4.12911523791037,0.141708440546436,4.66541666666667,4.66541666666667,5.31625,4.65916666666667,6.5,4.45916666666667,4.78083333333333,2023,0.514287616819786,0.0724406182089539,0.321666666666667,0.657083333333333,31.3580240364319,0.468100564925293,-15.2697162799974,-14.883438724357
37,"4_20",4,20,1,57,57,112.471335911458,-39.5286640885416,1.50093613480341,1.42891627509647,79.5569260745836,1.0581934397964,78.7819559677146,1.25241491006236,11.0773598089902,8.00376411884668,79.5569260745836,1.13997639223331,78.7819559677146,1.16333307474749,11.0773598089902,8.00376411884668,70.06621756544,1.24878453476829,42.3810668525616,1.36592298286899,-55.7953404538969,1.26897887310347,-52.7803953510773,79.5569260745836,1.7243689840279,78.7819559677146,1.74353955686858,11.0773598089902,1.36318156737629,8.00376411884668,-35.6287839982773,1.22275575469693,4.06083333333333,4.06083333333333,4.67333333333333,4.06083333333333,6.5,3.91625,4.225,2023,0.700462525222735,0.62506638593469,0.30875,0.6125,54.1199689665882,1.26886118122318,-104.992993319968,-104.874821789021
38,"4_20",4,20,1,57,57,117.020353002593,-34.9796469974073,1.31933128130847,1.23137024221253,71.8598594434626,0.955814101923393,71.75254559918,1.14066675343996,3.92576097996246,3.13167284739416,71.8598594434626,1.02968462152439,71.75254559918,1.05953334704029,3.92576097996246,3.13167284739416,55.4365785078278,0.988041659825377,51.2947010657904,1.65320545914768,-21.0254103224113,0.478190495486224,-22.2884488679017,70.9555141458264,1.53793634163431,70.817801759108,1.56728323358819,4.41859046600374,0.543752408597618,3.57027215709775,-5.09772234276032,0.174950380870666,4.31708333333333,4.31708333333333,4.9975,4.32083333333333,6.5,4.15916666666667,4.42625,2023,0.613162956341366,0.0894337253115846,0.267083333333333,0.676666666666666,53.89293293699,0.296335952566044,-23.1234742987611,-22.9587704668357
39,"4_20",4,20,1,57,57,118.279006031335,-33.7209939686652,1.08974796337486,1.01166733880658,85.5797954399981,1.13830413745279,85.5491798595556,1.35999502784143,-2.28893270091507,-1.53262605730788,85.5797954399981,1.22627848092438,85.5491798595556,1.26326122810315,-2.28893270091507,-1.53262605730788,36.4007591289088,0.648767789006898,35.0510849909784,1.12968091931782,-9.82021924989658,0.22334572485779,-15.651212694318,21.0912540824007,0.457145671262463,19.8398588573369,0.439079968192618,7.15688474752344,0.88072731552355,19.8360289921959,-1.90369726622194,0.0653336018312113,4.50333333333333,4.50333333333333,5.06416666666667,4.3475,6.5,4.1975,4.46541666666667,2023,0.723282877748328,0.0333981976530164,0.267916666666667,0.716666666666667,45.8698448025133,-0.0341160471266445,-8.07634838082498,-8.69180789500859
40,"4_20",4,20,1,57,57,110.734696892304,-41.2653031076956,1.16771824088897,1.12037059024595,78.573340241816,1.04511068098373,78.1996125196924,1.24315726206262,7.65443652571193,5.59049122421311,78.573340241816,1.12588252656486,78.1996125196924,1.15473390523431,7.65443652571193,5.59049122421311,41.7269764095228,0.74369652927512,35.8242418771664,1.15459942275902,-21.39542601135,0.486605931043392,-30.8470503188425,51.0575799787561,1.10665546871875,48.8740050128186,1.08164058629572,14.7718687813714,1.81782839825461,16.8171205422453,-9.35897962295602,0.321193846879929,4.34375,4.34375,4.96375,4.21708333333333,6.5,4.07583333333333,4.51416666666667,2023,0.706188888526473,0.164192624964141,0.438333333333333,0.746666666666667,53.4077922861506,2.97802165030692,-29.3562266970794,-26.5626191557336
